City ID,City,Cloudiness,Country,Date,Humidity,Lat,Lng,Max Temp,Wind Speed
237379,Ndélé,0,CF,1612288596,21,8.4109,20.6473,82.56,1.39
4032243,Vaini,90,TO,1612288597,100,-21.2,-175.2,77,14.97
3372707,Ribeira Grande,40,PT,1612288600,62,38.5167,-28.7,57.2,26.46
6170031,Tuktoyaktuk,20,CA,1612288601,68,69.4541,-133.0374,-29.2,5.75
5866583,Saint Paul Harbor,90,US,1612288565,86,57.79,-152.4072,26.6,4.99
986717,Kruisfontein,0,ZA,1612288603,70,-34.0033,24.7314,73.99,3
601294,Nukus,0,UZ,1612288604,60,42.4531,59.6103,35.6,9.22
496285,Severodvinsk,90,RU,1612288604,85,64.5635,39.8302,14,8.95
1507390,Dikson,38,RU,1612288605,82,73.5069,80.5464,-21.35,13.33
5855927,Hilo,1,US,1612288607,72,19.7297,-155.09,66.99,8.05
3421193,Paamiut,0,GL,1612288608,85,61.994,-49.6678,7.74,18.68
2630299,Hofn,100,IS,1612288609,89,64.2539,-15.2082,32.85,14.41
5859699,College,1,US,1612288611,69,64.8569,-147.8028,-18.4,3.44
2122090,Pevek,100,RU,1612288613,94,69.7008,170.3133,9.63,7.61
3395458,Maragogi,32,BR,1612288614,67,-9.0122,-35.2225,82.69,13.29
3670242,San Alberto,22,CO,1612288616,41,7.7611,-73.3922,93.99,4.21
964432,Port Alfred,0,ZA,1612288618,87,-33.5906,26.891,69.01,5.99
6165406,Thompson,90,CA,1612288618,92,55.7435,-97.8558,15.8,4.61
2206939,Bluff,75,NZ,1612288469,91,-46.6,168.3333,57,8.1
3369157,Cape Town,0,ZA,1612288513,44,-33.9258,18.4232,77,13.8
2071860,Esperance,90,AU,1612288623,40,-33.8667,121.9,71.6,12.66
5354943,Half Moon Bay,90,US,1612288623,100,37.4636,-122.4286,55,4.92
3833367,Ushuaia,75,AR,1612288624,71,-54.8,-68.3,53.6,17.27
2156643,Mount Gambier,90,AU,1612288625,77,-37.8333,140.7667,57.2,10.36
1819729,Hong Kong,19,HK,1612288573,82,22.2855,114.1577,64,1.01
2264557,Ponta do Sol,78,PT,1612288627,65,32.6667,-17.1,62.01,1.99
4030556,Rikitea,84,PF,1612288567,76,-23.1203,-134.9692,78.01,16.44
6201424,Mataura,63,NZ,1612288578,94,-46.1927,168.8643,53.11,1.61
2146219,Hervey Bay,75,AU,1612288629,94,-25.2986,152.8535,73.99,4.61
2255542,Owando,90,CG,1612288629,64,-0.4819,15.8999,81.36,1.61
3421719,Narsaq,75,GL,1612288630,74,60.9167,-46.05,24.8,9.22
2171099,Codrington,76,AU,1612288630,79,-38.2667,141.9667,57.83,6.76
3424607,Tasiilaq,90,GL,1612288570,86,65.6145,-37.6368,17.6,4.61
2110227,Butaritari,72,KI,1612288632,82,3.0707,172.7902,81.59,18.59
2013279,Vostok,100,RU,1612288633,85,46.4856,135.8833,-26.9,7.9
1053384,Toamasina,40,MG,1612288634,89,-18.1667,49.3833,80.6,5.75
2163355,Hobart,90,AU,1612288492,71,-42.8794,147.3294,55.99,1.14
2171085,Coffs Harbour,42,AU,1612288636,77,-30.3,153.1333,68,9.22
1513491,Yangi Marg`ilon,31,UZ,1612288637,60,40.4272,71.7189,41,4.61
5106841,Albany,100,US,1612288554,88,42.6001,-73.9662,30,1.99
3874787,Punta Arenas,40,CL,1612288640,55,-53.15,-70.9167,64.4,18.41
2022143,Khuzhir,86,RU,1612288641,81,53.1939,107.3397,-6.41,2.37
5866063,Kenai,1,US,1612288642,66,60.5544,-151.2583,7,8.34
3382160,Cayenne,75,GF,1612288644,74,4.9333,-52.3333,84.2,13.8
2112802,Hasaki,20,JP,1612288645,69,35.7333,140.8333,33.8,4.61
3831208,Qaanaaq,100,GL,1612288647,86,77.484,-69.3632,-5.51,4.5
1847947,Shingū,0,JP,1612288648,77,33.7333,135.9833,37.04,10.47
3430443,Necochea,23,AR,1612288649,55,-38.5473,-58.7368,75,11.88
6185377,Yellowknife,90,CA,1612288650,70,62.456,-114.3525,-11.99,17.27
3471451,Arraial do Cabo,20,BR,1612288650,54,-22.9661,-42.0278,89.6,20.71
2381972,Adrar,48,MR,1612288651,15,20.5022,-10.0711,80.65,8.16
3374083,Bathsheba,40,BB,1612288652,54,13.2167,-59.5167,84.2,20.71
3437443,Pozo Colorado,7,PY,1612288652,39,-23.4923,-58.7972,99.32,9.95
935214,Saint-Pierre,20,RE,1612288653,74,-21.3393,55.4781,82.4,2.3
777019,Vardø,75,NO,1612288654,74,70.3705,31.1107,26.6,19.57
3443061,Chui,17,UY,1612288655,50,-33.6971,-53.4616,86.67,0.63
5919850,Chapais,1,CA,1612288656,63,49.7834,-74.8492,24.8,10.36
1015776,Bredasdorp,0,ZA,1612288658,53,-34.5322,20.0403,73.4,5.75
2155415,New Norfolk,91,AU,1612288659,70,-42.7826,147.0587,55.99,1.21
777682,Skjervøy,20,NO,1612288661,85,70.0311,20.9714,10.4,4.61
1282256,Hithadhoo,100,MV,1612288662,71,-0.6,73.0833,82.81,4.92
3366880,Hermanus,0,ZA,1612288663,53,-34.4187,19.2345,77,1.99
5134295,Rome,90,US,1612288484,74,43.2128,-75.4557,28,8.05
2075265,Busselton,0,AU,1612288561,77,-33.65,115.3333,63,3
2281120,Tabou,44,CI,1612288668,81,4.423,-7.3528,81.37,6.98
1529484,Kumul,80,CN,1612288669,80,42.8,93.45,25.97,3.24
4866445,Mason City,75,US,1612288670,86,43.1536,-93.201,19.99,6.91
508034,Podporozh'ye,93,RU,1612288671,97,60.9112,34.1706,12.69,2.1
2206357,Opunake,0,NZ,1612288672,68,-39.4556,173.8583,54,5.01
1500399,Lokosovo,100,RU,1612288673,96,61.1333,74.8167,10.33,7.38
5880054,Barrow,1,US,1612288675,68,71.2906,-156.7887,-25.6,12.66
2035707,Mujiayingzi,18,CN,1612288676,79,42.1167,118.7833,-4.23,6.2
3461425,Ilhabela,42,BR,1612288677,61,-23.7781,-45.3581,84.67,4.47
490276,Sosnovka,72,RU,1612288677,95,56.255,51.2842,8.83,2.84
5391295,Salinas,90,US,1612288678,81,36.6777,-121.6555,51.8,1.48
5332191,Butte,90,US,1612288680,82,39.6499,-121.5677,54,12.66
1259385,Port Blair,0,IN,1612288680,81,11.6667,92.75,77.65,11.25
2126123,Chokurdakh,77,RU,1612288681,91,70.6333,147.9167,-2.36,12.53
2146142,Townsville,40,AU,1612288494,83,-19.25,146.8,80.6,3.44
3430863,Mar del Plata,90,AR,1612288683,94,-38.0023,-57.5575,64.4,11.5
5546220,Saint George,1,US,1612288684,50,37.1041,-113.5841,57.99,3.44
544084,Koslan,97,RU,1612288684,97,63.4564,48.8989,15.35,5.61
2074865,Carnarvon,90,AU,1612288558,100,-24.8667,113.6333,78.8,20.71
3839307,Rawson,20,AR,1612288687,24,-43.3002,-65.1023,81.48,10.63
935215,Saint-Philippe,20,RE,1612288688,74,-21.3585,55.7679,82.4,2.3
1639337,Kroya,100,ID,1612288690,84,-7.6331,109.2461,78.51,3.47
454768,Tukums,90,LV,1612288691,93,56.9669,23.1553,24.8,10.36
5122534,Jamestown,90,US,1612288323,86,42.097,-79.2353,21.99,12.66
2488835,Médéa,49,DZ,1612288693,68,36.2642,2.7539,50.31,2.42
2022572,Khatanga,0,RU,1612288576,84,71.9667,102.5,-30.62,9.51
5848280,Kapaa,1,US,1612288575,100,22.0752,-159.319,66.2,5.75
2013639,Verkhnevilyuysk,94,RU,1612288699,80,63.4453,120.3167,-39.8,9.06
6355222,Yulara,10,AU,1612288699,29,-25.2406,130.9889,80.6,9.22
3893629,Coquimbo,75,CL,1612288700,72,-29.9533,-71.3436,64.4,9.22
5690532,Minot,1,US,1612288701,86,48.2325,-101.2963,28.4,6.91
1637001,Biak,99,ID,1612288701,84,-0.9131,122.8766,76.24,10.33
6255012,Flinders,90,AU,1612288702,72,-34.5833,150.8552,63,8.05
3355672,Lüderitz,0,NA,1612288703,80,-26.6481,15.1594,66.69,13.8
5173572,Sylvania,1,US,1612288703,59,41.7189,-83.713,30,6.91
1006984,East London,0,ZA,1612288518,78,-33.0153,27.9116,71.6,17.27
3652764,Puerto Ayora,40,EC,1612288577,70,-0.7393,-90.3518,84.2,13.8
1062663,Mahajanga,20,MG,1612288708,74,-15.7167,46.3167,84.2,10.36
1062553,Mahanoro,13,MG,1612288708,76,-19.9,48.8,79.97,4.88
4031574,Provideniya,100,RU,1612288571,92,64.3833,-173.3,6.4,15.52
2082539,Merauke,99,ID,1612288711,86,-8.4667,140.3333,79.29,15.35
5044290,Saint Anthony,90,US,1612288712,79,45.0205,-93.218,23,8.05
1688781,City of San Pedro,20,PH,1612288667,78,14.35,121.0167,77,3.44
1106677,Bambous Virieux,40,MU,1612288713,78,-20.3428,57.7575,81,6.91
6089245,Norman Wells,90,CA,1612288713,76,65.282,-126.8329,-18.4,14.97
4944413,Montague,100,US,1612288714,87,42.5356,-72.5351,35.01,1.01
2177671,Armidale,70,AU,1612288715,86,-30.5167,151.65,54,3
2208248,Kaitangata,53,NZ,1612288716,83,-46.2817,169.8464,56.68,4.27
292968,Abu Dhabi,0,AE,1612288717,68,24.4667,54.3667,68,5.75
546105,Nikolskoye,90,RU,1612288721,93,59.7035,30.7861,25,8.95
4034551,Faanui,5,PF,1612288722,74,-16.4833,-151.75,81,14.34
3146160,Melbu,0,NO,1612288724,54,68.5044,14.8297,28.4,8.05
3628473,San Cristobal,20,VE,1612288726,24,7.7669,-72.225,95,23.02
2122104,Petropavlovsk-Kamchatskiy,90,RU,1612288727,92,53.0452,158.6483,12.2,4.47
3404558,Cabedelo,75,BR,1612288728,62,-6.9811,-34.8339,87.8,14.97
556268,Ostrovnoy,100,RU,1612288729,96,68.0531,39.5131,24.48,19.3
5557293,Sitka,40,US,1612288730,69,57.0531,-135.33,30.2,5.75
2070998,Geraldton,75,AU,1612288561,83,-28.7667,114.6,73.4,11.5
540761,Kropotkin,3,RU,1612288731,58,45.4375,40.5756,48.81,7.99
3883457,Lebu,45,CL,1612288732,64,-37.6167,-73.65,63.64,16.55
2026659,Bira,64,RU,1612288733,77,49,132.4667,-26.63,5.26
699328,Novopokrovka,90,UA,1612288734,93,49.8425,36.5477,33.8,6.71
5282297,Bethel,99,US,1612288556,96,41.3712,-73.414,32,1.01
934322,Mahébourg,40,MU,1612288737,78,-20.4081,57.7,80.6,6.91
2121385,Severo-Kuril'sk,25,RU,1612288738,94,50.6789,156.125,27.57,18.34
1510960,Balgazyn,15,RU,1612288738,86,51,95.2,-3.5,1.77
2012530,Zhigansk,100,RU,1612288430,85,66.7697,123.3711,-30.55,7.05
3440777,Rocha,4,UY,1612288740,45,-34.4833,-54.3333,86.85,2.89
3792398,Puerto Guzmán,67,CO,1612288741,47,0.9703,-76.5858,89.44,3.47
1789647,Xichang,0,CN,1612288741,62,27.8964,102.2634,43.23,1.74
3465329,Coruripe,88,BR,1612288742,62,-10.1256,-36.1756,83.95,15.05
5851349,Nānākuli,90,US,1612288743,94,21.3906,-158.1547,66.2,8.7
3388145,São Raimundo Nonato,61,BR,1612288744,44,-9.0153,-42.6994,89.82,4.25
2374583,Bubaque,27,GW,1612288745,73,11.2833,-15.8333,78.15,14
4036284,Alofi,100,NU,1612288746,94,-19.0595,-169.9187,77,3.44
1850034,Tondabayashi,20,JP,1612288747,56,34.5,135.6,41,16.11
2392601,Natitingou,0,BJ,1612288748,9,10.3042,1.3796,93.2,3.44
4020109,Atuona,1,PF,1612288572,77,-9.8,-139.0333,78.39,16.28
1852357,Shimoda,0,JP,1612288751,58,34.6667,138.95,36,28.34
300371,Soma,75,TR,1612288752,87,39.1855,27.6094,55.4,3.44
1529102,Ürümqi,100,CN,1612288691,86,43.801,87.6005,17.6,2.24
2027786,Amga,100,RU,1612288754,79,60.8953,131.9608,-38.54,5.82
2449893,Tessalit,0,ML,1612288756,18,20.1986,1.0114,74.44,8.63
2396518,Port-Gentil,20,GA,1612288757,79,-0.7193,8.7815,84.2,10.36
3450083,Santa Maria,75,BR,1612288730,69,-29.6842,-53.8069,82.4,10.36
6167817,Torbay,90,CA,1612288758,74,47.6666,-52.7314,28.99,3.44
5975034,High Prairie,100,CA,1612288759,77,55.4334,-116.4858,-4,11.5
1651810,Airai,97,TL,1612288759,100,-8.9266,125.4092,60.73,2.42
3670218,San Andrés,75,CO,1612288760,70,12.5847,-81.7006,84.2,12.66
6324729,Halifax,100,CA,1612288716,93,44.6453,-63.5724,37,33.38
2126199,Cherskiy,46,RU,1612288763,84,68.75,161.3,-0.06,2.42
2643044,Margate,8,GB,1612288764,80,51.3813,1.3862,52,1.99
3357114,Grootfontein,56,NA,1612288766,50,-19.5667,18.1167,80.6,3.44
3105522,Bereda,100,ES,1612288766,99,43.2686,-7.5406,55,5.99
1260009,Pawai,0,IN,1612288767,31,24.2667,80.1667,61.11,5.59
3407980,Alenquer,20,BR,1612288767,66,-1.9417,-54.7383,87.8,12.66
2180815,Tuatapere,64,NZ,1612288768,89,-46.1333,167.6833,55.56,3.98
3985710,Cabo San Lucas,40,MX,1612288769,49,22.8909,-109.9124,80.01,2.3
3359638,Walvis Bay,23,NA,1612288771,73,-22.9575,14.5053,68,8.05
2152659,Port Macquarie,11,AU,1612288772,90,-31.4333,152.9167,64.99,1.01
2134814,Sola,84,VU,1612288772,80,-13.8833,167.55,81.66,25.81
1526273,Nur-Sultan,75,KZ,1612288774,85,51.1801,71.446,12.2,11.18
1735106,George Town,20,MY,1612288779,89,5.4112,100.3354,80.01,2.3
3423146,Ilulissat,75,GL,1612288779,78,69.2167,-51.1,-2.2,19.57
3576994,Cockburn Town,40,TC,1612288782,73,21.4612,-71.1419,78.8,9.22
4031637,Lavrentiya,100,RU,1612288783,91,65.5833,-171,5.36,22.12
583798,Akhtubinsk,98,RU,1612288784,93,48.2795,46.1722,38.62,9.93
3899695,Ancud,0,CL,1612288785,62,-41.8697,-73.8203,66.99,7
1259395,Porbandar,0,IN,1612288785,49,21.6422,69.6093,71.6,6.91
1489822,Tegul'det,100,RU,1612288786,95,57.3064,88.1667,11.07,7.92
2026861,Berdigestyakh,100,RU,1612288788,78,62.0989,126.6992,-41.48,7.87
5380437,Pacific Grove,90,US,1612288789,93,36.6177,-121.9166,54,5.97
2186111,Ngunguru,49,NZ,1612288790,90,-35.6167,174.5,60.01,1.99
347796,Sohag,0,EG,1612288791,32,26.557,31.6948,68,6.91
5563839,Fortuna,75,US,1612288792,100,40.5982,-124.1573,50,1.48
1079088,Ambositra,25,MG,1612288793,94,-20.5167,47.25,64.96,4.43
3385658,Uruçuí,24,BR,1612288794,51,-7.2294,-44.5561,89.92,9.55
2013921,Ust-Kuyga,100,RU,1612288795,84,70.0167,135.6,-25.13,6.06
2014624,Udachny,100,RU,1612288795,81,66.4167,112.4,-28.48,21.34
2250645,Kédougou,14,SN,1612288796,8,12.5579,-12.1743,99.07,5.12
1623197,Tual,100,ID,1612288797,78,-5.6667,132.75,82.69,19.77
1788694,Xinpu,0,CN,1612288798,91,34.5997,119.1594,32.52,7.43
3075451,Horní Benešov,96,CZ,1612288799,98,49.9668,17.6026,37.99,1.01
153955,Micheweni,92,TZ,1612288800,73,-4.9667,39.8333,81,13
1540711,Muravlenko,91,RU,1612288802,96,63.7898,74.523,9.34,14.38
4231997,Avera,40,US,1612288803,46,33.194,-82.5271,48.99,17.27
3860443,Comodoro Rivadavia,0,AR,1612288804,36,-45.8667,-67.5,80.6,5.75
2136825,Isangel,73,VU,1612288806,83,-19.55,169.2667,81.05,23.02
3372472,Vila Franca do Campo,20,PT,1612288808,67,37.7167,-25.4333,57.2,24.16
2017155,Saskylakh,100,RU,1612288638,88,71.9167,114.0833,-12.91,18.77
2068110,Kununurra,40,AU,1612288809,100,-15.7667,128.7333,78.8,3.44
5861897,Fairbanks,1,US,1612288642,69,64.8378,-147.7164,-18.4,3.76
4685892,Denison,1,US,1612288810,35,33.7557,-96.5367,57,10.36
1090467,Boueni,0,YT,1612288810,78,-12.9025,45.0761,82.4,6.91
5955902,Fort Nelson,90,CA,1612288811,77,58.8053,-122.7002,-9.4,6.91
3421982,Maniitsoq,0,GL,1612288812,80,65.4167,-52.9,-0.92,6.44
1056899,Sambava,77,MG,1612288813,77,-14.2667,50.1667,81.01,14.99
2656719,Aylesbury,49,GB,1612288814,85,51.8167,-0.8146,52,7
1267390,Kavaratti,2,IN,1612288817,71,10.5669,72.642,81.86,5.26
3464343,Eldorado,96,BR,1612288819,69,-23.7869,-54.2836,84.96,6.11
1039536,Maxixe,83,MZ,1612288820,88,-23.8597,35.3472,79.3,6.96
5983720,Iqaluit,75,CA,1612288801,69,63.7506,-68.5145,-20.2,4.61
5905616,Bonnyville,90,CA,1612288821,85,54.2668,-110.735,14,12.66
2094342,Kavieng,100,PG,1612288821,89,-2.5744,150.7967,78.33,18.34
1636308,Manokwari,97,ID,1612288822,78,-0.8667,134.0833,78.19,5.08
3441890,Departamento de Maldonado,40,UY,1612288824,65,-34.6667,-54.9167,78.8,10.36
4033543,Teahupoo,20,PF,1612288826,74,-17.8333,-149.2667,82.4,2.3
2094746,Kandrian,100,PG,1612288826,79,-6.2167,149.55,80.33,13.69
3470137,Belmonte,75,BR,1612288827,65,-15.8631,-38.8828,84.2,12.66
2138555,Poum,99,NC,1612288828,83,-20.2333,164.0167,76.64,27.11
583345,Aleksandrov Gay,100,RU,1612288829,94,50.147,48.5704,35.11,9.22
964090,Prieska,25,ZA,1612288830,50,-29.6641,22.7474,71.67,24.63
5129852,Oneonta,100,US,1612288831,87,42.4529,-75.0638,27,1.01
2111884,Miyako,2,JP,1612288832,87,39.6367,141.9525,20.97,7.36
2015306,Tiksi,100,RU,1612288833,93,71.6872,128.8694,-0.56,16.49
4031742,Egvekinot,100,RU,1612288560,95,66.3167,-179.1667,-2.07,12.24
1505991,Igarka,100,RU,1612288836,91,67.4667,86.5833,-4.65,15.23
352628,Maţāy,29,EG,1612288837,34,28.419,30.7792,59.94,3.74
543348,Kozel'sk,100,RU,1612288837,85,54.0375,35.7716,6.8,5.86
2610343,Vestmanna,41,FO,1612288838,75,62.1564,-7.1664,35.6,13.8
3587498,Acajutla,0,SV,1612288840,37,13.5928,-89.8275,87.67,6.44
1788450,Xinzhou,0,CN,1612288841,58,38.4092,112.7333,22.51,1.07
2963295,Killybegs,40,IE,1612288842,93,54.6333,-8.45,45,12.66
4047434,Russell,1,US,1612288843,42,32.3502,-85.1999,46.99,18.41
371745,Kutum,18,SD,1612288843,20,14.2,24.6667,74.14,7.45
3466165,Cidreira,9,BR,1612288844,70,-30.1811,-50.2056,81.99,9.46
3466704,Castro,8,BR,1612288845,75,-24.7911,-50.0119,78.15,3.29
5870133,Nome,1,US,1612288845,61,64.5011,-165.4064,10.99,25.32
1788852,Xining,0,CN,1612288844,58,36.6167,101.7667,19.6,3.47
152042,Naberera,70,TZ,1612288849,58,-4.2,36.9333,70.5,11.21
293842,Kiryat Gat,0,IL,1612288849,42,31.61,34.7642,68,3.65
1657818,Champasak,73,LA,1612288850,71,14.75,106,70.32,2.66
3664078,Humaitá,64,BR,1612288852,58,-7.5061,-63.0208,90.95,3.38
563708,Dzerzhinsk,10,RU,1612288852,92,56.2389,43.4631,5,4.47
2090990,Mendi,98,PG,1612288853,99,-6.1761,143.6513,56.08,1.63
141736,Bam,0,IR,1612288855,39,29.106,58.357,51.82,2.46
491882,Slobodskoy,82,RU,1612288857,96,58.7322,50.1772,8.11,6.6
1783745,Zigong,12,CN,1612288858,71,29.3416,104.7769,51.69,0.96
498295,Savinka,100,RU,1612288859,95,50.0785,47.0994,35.6,10.18
2317397,Bandundu Province,100,CD,1612288861,78,-3.3167,17.3667,78.01,3.09
2128975,Nemuro,6,JP,1612288699,85,43.3236,145.575,16.27,24.92
1607838,Phanat Nikhom,0,TH,1612288862,73,13.4458,101.1844,82.99,5.57
3421765,Nanortalik,0,GL,1612288863,87,60.1432,-45.2371,18.32,14.9
603570,Piteå,75,SE,1612288863,85,65.3172,21.4794,-0.4,3.44
1791779,Wanning,45,CN,1612288865,84,18.8003,110.3967,68.94,5.41
1254046,Tura,0,IN,1612288866,51,25.5198,90.2201,58.12,2.3
964420,Port Elizabeth,0,ZA,1612288867,78,-33.918,25.5701,71.6,16.11
905846,Mpika,81,ZM,1612288868,94,-11.8343,31.4529,63.61,1.5
1253237,Verāval,0,IN,1612288869,54,20.9,70.3667,73.94,8.19
933995,Souillac,40,MU,1612288870,78,-20.5167,57.5167,80.6,11.5
6096551,Pangnirtung,75,CA,1612288871,57,66.1451,-65.7125,-22,3.44
579381,Baltay,100,RU,1612288871,97,52.4652,46.6308,26.13,10.49
4845585,Westport,90,US,1612288872,75,41.1415,-73.3579,35.6,17.27
3448903,São João da Barra,0,BR,1612288872,48,-21.6403,-41.0511,87.8,16.11
2112309,Katsuura,20,JP,1612288873,45,35.1333,140.3,42.8,10.36
4004293,Ixtapa,90,MX,1612288875,83,20.7,-105.2,73.4,8.05
4033557,Tautira,20,PF,1612288876,74,-17.7333,-149.15,82.4,2.3
6541905,Nola,3,IT,1612288878,75,40.922,14.5329,52,2.08
2092164,Lorengau,96,PG,1612288879,85,-2.0226,147.2712,81.09,11.43
2194098,Ahipara,7,NZ,1612288880,89,-35.1667,173.1667,58.42,2.59
2440371,Ouallam,15,NE,1612288881,13,14.3188,2.0866,78.87,7.96
3895088,Chillán,20,CL,1612288882,44,-36.6066,-72.1034,77,5.75
1633070,Palembang,94,ID,1612288884,94,-2.9167,104.7458,74.84,5.17
3691954,Sechura,49,PE,1612288887,51,-5.5569,-80.8222,82.49,9.44
3451138,Rio Grande,40,BR,1612288888,66,-32.035,-52.0986,88,11.5
315498,Heraclea,97,TR,1612288889,60,37.5133,34.0467,43.61,1.97
6171633,Ucluelet,40,CA,1612288889,100,48.9329,-125.5528,44.01,5.75
3894426,Coyhaique,0,CL,1612288890,49,-45.5752,-72.0662,71.6,3.44
3380290,Sinnamary,80,GF,1612288891,84,5.3833,-52.95,79.61,15.73
64435,Berbera,0,SO,1612288891,52,10.4396,45.0143,77.13,7.29
3867427,Mayor Pablo Lagerenza,48,PY,1612288892,37,-19.9309,-60.7718,96.33,10.4
2136150,Luganville,89,VU,1612288893,82,-15.5333,167.1667,77.68,4.47
3418910,Upernavik,100,GL,1612288894,88,72.7868,-56.1549,-8.59,6.46
1805270,Jishou,49,CN,1612288895,82,28.3167,109.7167,45.61,1.25
2655095,Bournemouth,75,GB,1612288789,93,50.7205,-1.8795,51.8,18.41
4035715,Avarua,20,CK,1612288807,78,-21.2078,-159.775,80.6,10.36
1493197,Salekhard,100,RU,1612288899,93,66.53,66.6019,4.23,5.97
2185763,Okato,0,NZ,1612288899,68,-39.2,173.8833,54,5.01
1817858,Babu,46,CN,1612288900,63,24.4167,111.5167,59.32,3.96
2027296,Aykhal,100,RU,1612288901,81,66,111.5,-32.08,10.13
2077895,Alice Springs,37,AU,1612288858,29,-23.7,133.8833,77,8.05
1809498,Guilin,40,CN,1612288798,82,25.2819,110.2864,55.4,2.24
6137381,Saint-Ambroise,81,CA,1612288903,86,48.5501,-71.3324,15.8,2.3
2126710,Beringovskiy,100,RU,1612288905,95,63.05,179.3167,9.79,9.26
5563397,Eureka,100,US,1612288906,91,40.8021,-124.1637,51.01,2.06
5746545,Portland,75,US,1612288808,81,45.5234,-122.6762,48,12.66
2014694,Tyrma,34,RU,1612288909,80,50.0833,132.1667,-34.91,3.44
1267635,Karwar,0,IN,1612288909,61,14.8,74.1333,76.21,7.25
1688696,San Policarpo,99,PH,1612288911,81,12.1791,125.5072,79.84,12.37
5962442,Goderich,90,CA,1612288912,74,43.7501,-81.7165,26.6,12.66
934649,Cap Malheureux,2,MU,1612288912,77,-19.9842,57.6142,80.01,10
3372964,Lagoa,31,PT,1612288913,66,39.05,-27.9833,54.95,33.84
1519327,Shakhtinsk,0,KZ,1612288914,78,49.71,72.5872,5,2.24
1863341,Hakui,100,JP,1612288800,83,36.8833,136.7833,37.99,22.77
6325494,Québec,100,CA,1612288916,93,46.8123,-71.2145,27,21.85
100926,Umluj,43,SA,1612288916,76,25.0213,37.2685,75.27,2.75
3374210,São Filipe,4,CV,1612288917,67,14.8961,-24.4956,75.27,8.32
286621,Salalah,0,OM,1612288804,53,17.0151,54.0924,75.2,1.14
942511,Vryburg,100,ZA,1612288921,92,-26.9566,24.7284,58.69,13.98
1509844,Boguchany,100,RU,1612288922,87,58.3814,97.4531,-11.29,2.84
6050066,La Ronge,90,CA,1612288924,93,55.1001,-105.2842,17.6,6.91
3869716,Tocopilla,92,CL,1612288925,48,-22.092,-70.1979,73.44,6.13
3361934,Saldanha,1,ZA,1612288926,36,-33.0117,17.9442,78.8,17.27
2276492,Harper,65,LR,1612288926,84,4.375,-7.7169,80.89,6.29
4938048,Grafton,100,US,1612288927,95,42.207,-71.6856,32,18.84
1855540,Naze,0,JP,1612288806,76,28.3667,129.4833,51.4,18.86
2430506,Kelo,0,TD,1612288929,14,9.3086,15.8066,85.71,4.83
1635815,Maumere,100,ID,1612288930,81,-8.6199,122.2111,80.65,10.51
2618795,Klaksvík,38,FO,1612288931,75,62.2266,-6.589,35.6,13.8
1650232,Banjar,75,ID,1612288933,89,-8.19,114.9675,78.8,12.66
3175096,Laas,0,IT,1612288654,80,46.6166,10.7002,37,5.75
1701054,Marawi,92,PH,1612288935,94,7.9986,124.2928,73,5.01
2179103,Whitianga,5,NZ,1612288855,92,-36.8333,175.7,57.99,3.69
3837213,San Juan,83,AR,1612288939,35,-31.5375,-68.5364,72.25,12.77
362973,Abnūb,0,EG,1612288939,42,27.2696,31.1511,66.2,6.91
359792,Aswān,0,EG,1612288941,24,24.0934,32.907,67.21,3.51
2810284,Westerland,90,DE,1612288942,86,54.9079,8.3033,30.99,9.22
3870243,Taltal,29,CL,1612289008,58,-25.4,-70.4833,70.41,8.19
3394023,Natal,40,BR,1612289009,62,-5.795,-35.2094,86,17.27
866062,Iskateley,100,RU,1612289011,94,67.6803,53.1512,6.46,16.22
3545981,Niquero,44,CU,1612289011,55,20.0431,-77.5828,74.66,12.91
5367788,Lompoc,1,US,1612289012,76,34.6391,-120.4579,55,3.89
2381334,Atar,0,MR,1612289013,11,20.5169,-13.0499,86.38,11.18
1491267,Sos'va,81,RU,1612289015,97,59.1766,61.8558,13.48,4.25
2064735,Nhulunbuy,40,AU,1612289017,89,-12.2333,136.7667,80.6,5.75
6111862,Port Hardy,75,CA,1612289017,100,50.6996,-127.4199,41,4.61
2119626,Yagodnoye,100,RU,1612289018,79,62.55,149.6667,-32.35,2.55
890516,Gwanda,100,ZW,1612289020,88,-20.9333,29,65.39,14.14
3665210,Rodrigues Alves,75,BR,1612289021,70,-7.738,-72.6509,87.8,6.91
2065594,Mount Isa,90,AU,1612289023,78,-20.7333,139.5,78.8,4.61
2047258,Novyy Urgal,100,RU,1612289024,80,51.0736,132.5642,-36.76,0.87
2636790,Stornoway,75,GB,1612289025,60,58.2093,-6.3865,39.2,21.85
3577154,Oranjestad,40,AW,1612289025,70,12.524,-70.027,84.2,21.85
2015913,Suntar,91,RU,1612289026,79,62.1444,117.6319,-37.86,7.9
2057087,Kupang,100,ID,1612288846,84,-10.1667,123.5833,79.07,5.77
2062276,Roebourne,65,AU,1612289027,82,-20.7833,117.1333,80.82,15.86
3397893,Itacoatiara,61,BR,1612289028,79,-3.1431,-58.4442,84,3.85
6071876,Melfort,100,CA,1612289029,79,52.8667,-104.6177,21.2,4.61
1502073,Krasnosel'kup,100,RU,1612289029,92,65.7,82.4667,-3.75,11.36
6111696,Port-Cartier,85,CA,1612289029,50,50.0334,-66.8654,27,9.22
150885,Old Shinyanga,96,TZ,1612289031,60,-3.55,33.4,71.94,6.06
1694988,Pantabangan,45,PH,1612289031,86,15.8113,121.1443,66.99,6.02
3939761,Hualmay,51,PE,1612289032,65,-11.0964,-77.6139,75.7,10.74
57000,Hobyo,98,SO,1612289034,71,5.3505,48.5268,76.05,19.01
286245,Sur,0,OM,1612289035,73,22.5667,59.5289,66.4,0.51
3430708,Mercedes,100,AR,1612289036,69,-34.6515,-59.4307,75.99,3
2209055,Waddān,65,LY,1612289038,91,29.1614,16.139,53.01,2.53
2108857,Gizo Government Station,91,SB,1612289039,87,-8.103,156.8419,80.15,18.95
2396853,Omboué,61,GA,1612289039,85,-1.5746,9.2618,79.41,5.73
3146487,Raudeberg,0,NO,1612289040,86,61.9875,5.1352,26.01,8.05
102527,Sakakah,0,SA,1612288830,26,29.9697,40.2064,68,10.36
779683,Hammerfest,90,NO,1612289042,86,70.6634,23.6821,23,10.36
935221,Saint-Paul,90,RE,1612288804,74,-21.0096,55.2707,80.6,13.8
513329,Ozinki,100,RU,1612289045,98,51.1786,49.6769,34.25,10.58
2344245,Dutse,0,NG,1612288894,17,11.7594,9.3392,77.14,6.11
6539213,Pachino,8,IT,1612289048,87,36.7186,15.0907,51.8,3.44
1640354,Kencong,100,ID,1612289050,89,-8.2833,113.3667,76.98,2.68
5924351,Clyde River,40,CA,1612289050,68,70.4692,-68.5914,-29.2,5.75
2171722,Charters Towers,9,AU,1612289050,82,-20.1,146.2667,73.18,6.53
1606851,Sai Buri,11,TH,1612289051,84,6.7013,101.6168,75.4,7.96
5478673,Meadow Lake,75,US,1612289052,32,34.8014,-106.5436,57.99,4.38
515879,Oktyabr'skiy,100,RU,1612289053,97,54.4815,53.471,20.44,4.68
1490256,Talnakh,97,RU,1612289053,83,69.4865,88.3972,-12.41,6.38
548602,Kingisepp,100,RU,1612289054,97,59.3733,28.6134,22.86,7.45
2127202,Anadyr,75,RU,1612289055,79,64.75,177.4833,14,17.9
3247449,Aachen,100,DE,1612289056,88,50.7766,6.0834,48.99,5.01
2208485,Zliten,0,LY,1612289057,68,32.4674,14.5687,60.66,17.11
6182212,Williams Lake,75,CA,1612289059,100,52.1415,-122.1445,30.99,1.81
1509902,Bogandinskiy,90,RU,1612289060,93,56.8937,65.8938,24.8,4.47
3406961,Augusto Corrêa,63,BR,1612289061,59,-1.0217,-46.635,87.15,9.37
6053154,Lethbridge,40,CA,1612289062,61,49.7,-112.8186,48,26.46
2249281,Linguère,1,SN,1612289064,8,15.3953,-15.1193,95.95,6.71
3985797,San Julián,82,MX,1612289065,32,21.0167,-102.1667,65.73,5.37
575521,Bogorodskoye,62,RU,1612289066,96,56.55,37.8833,16.29,4.65
139817,Bushehr,0,IR,1612289067,77,28.9684,50.8385,62.6,8.12
207596,Mweka,44,CD,1612289069,80,-4.85,21.5667,73.85,1.23
197745,Garissa,75,KE,1612289071,32,-0.4536,39.6401,89.53,8.66
3373652,Oistins,40,BB,1612289072,54,13.0667,-59.5333,84.2,18.41
4726521,San Patricio,20,US,1612289074,37,28.017,-97.5169,68,8.05
1106643,Quatre Cocos,40,MU,1612289076,78,-20.2078,57.7625,80.6,11.5
2973384,Arrondissement de Tarbes,90,FR,1612289076,82,43.25,0.1667,57.2,2.3
2246901,Oussouye,17,SN,1612289077,20,12.485,-16.5469,85.77,9.15
506598,Ponyri,90,RU,1612289078,86,52.3186,36.3039,24.8,6.71
3182714,Asti,7,IT,1612289079,85,44.8979,8.2068,41,1.99
347863,Sīwah,57,EG,1612289079,29,29.2041,25.5195,63.48,10.87
1224061,Wattegama,74,LK,1612289080,91,6.7989,81.4808,72.84,7.65
1255143,Tālcher,0,IN,1612289080,37,20.95,85.2167,57.34,3.11
1504019,Kazanskoye,100,RU,1612289081,98,55.6448,69.235,26.4,18.61
4021858,Guerrero Negro,96,MX,1612289082,34,27.9769,-114.0611,71.13,4.74
3416888,Grindavik,75,IS,1612289083,64,63.8424,-22.4338,35.6,25.32
1804879,Kaifeng,0,CN,1612288831,52,34.7911,114.3483,39.2,4.47
2172880,Byron Bay,90,AU,1612289086,94,-28.65,153.6167,71.6,4.61
1795940,Chenghai,0,CN,1612289087,77,23.4632,116.768,59,4.47
1701394,Manuk Mangkaw,61,PH,1612289089,81,4.8,119.85,81.03,7.83
2098329,Daru,91,PG,1612289091,88,-9.0763,143.2092,76.39,15.61
933759,Ghanzi,83,BW,1612289092,85,-21.5667,21.7833,70.23,7.67
6113406,Prince Rupert,40,CA,1612289093,80,54.3161,-130.3201,39.2,5.75
2058430,Whyalla,0,AU,1612289093,63,-33.0333,137.5833,64.4,6.91
512576,Parfen'yevo,99,RU,1612289095,97,58.484,43.4088,16.61,5.53
783754,Albania,0,AL,1612288803,87,41,20,51.8,2.3
2157698,Mildura,0,AU,1612289096,55,-34.2,142.15,60.8,9.22
2206890,Masterton,29,NZ,1612289097,88,-40.9597,175.6575,53.01,4
3414079,Olafsvik,100,IS,1612289098,79,64.8945,-23.7142,35.83,16.69
3520994,Puerto Escondido,1,MX,1612289099,79,15.85,-97.0667,86,5.75
686090,Asău,18,RO,1612289100,73,46.4333,26.4,34,4.76
6690296,Saint-Joseph,20,RE,1612289101,74,-21.3667,55.6167,82.4,2.3
2455290,Kidal,0,ML,1612289101,16,18.4411,1.4078,77.41,7.7
3163146,Andenes,0,NO,1612288569,59,69.3143,16.1194,28.4,11.5
3664956,Boca do Acre,60,BR,1612289102,40,-8.7522,-67.3978,97.66,2.06
3731095,Aquin,10,HT,1612289103,66,18.2833,-73.4,80.51,5.26
2937959,Bone,100,DE,1612289104,97,51.9669,12.1396,37.99,1.01
3983035,Sinaloa,75,MX,1612289105,47,25,-107.5,78.8,2.75
3405051,Borba,16,BR,1612289107,86,-4.3878,-59.5939,82.94,3.71
4068590,Huntsville,1,US,1612289107,48,34.7304,-86.5861,42.01,13.8
147425,Neftçala,18,AZ,1612289108,87,39.3742,49.2472,50.38,7.52
3445026,Vila Velha,20,BR,1612289110,65,-20.3297,-40.2925,84.2,19.57
1621313,Ambulu,100,ID,1612289111,87,-8.345,113.6058,77.54,3.71
10722858,Forsytheganj,63,BY,1612289113,96,52.6333,29.7333,17.47,8.21
1786538,Yining,100,CN,1612289114,69,29.0361,114.5636,51.62,2.44
3837702,San Fernando del Valle de Catamarca,100,AR,1612289115,99,-28.4696,-65.7852,64,1.99
217834,Bukama,94,CD,1612289116,90,-9.2,25.85,71.82,2.48
2139521,Noumea,75,NC,1612289117,94,-22.2763,166.4572,77,20.71
2112444,Kamaishi,2,JP,1612288826,83,39.2667,141.8833,22.42,4.32
735021,Skala Fourkas,77,GR,1612289120,100,39.9998,23.3841,54,2.19
1648759,Bima,100,ID,1612289123,87,-8.4667,118.7167,77.68,2.24
2123814,Leningradskiy,100,RU,1612289125,88,69.3833,178.4167,-0.62,24.76
14177,Maku,13,IR,1612289126,80,39.2911,44.4521,29.44,2.89
1242110,Kalmunai,81,LK,1612289127,83,7.4167,81.8167,77.54,12.8
4255151,Bud,1,US,1612289128,59,39.447,-86.1758,34,12.66
5847411,Kahului,1,US,1612289129,78,20.8947,-156.47,69.8,5.75
2657782,Aberystwyth,86,GB,1612289129,100,52.4155,-4.0829,46.99,15.64
3460064,Jatai,70,BR,1612289130,58,-17.8814,-51.7144,84.87,5.01
4809537,Huntington,90,US,1612289130,64,38.4193,-82.4452,33.01,12.66
1214026,Sabang,94,ID,1612289131,79,5.8933,95.3214,81.46,17.94
2013727,Vanavara,100,RU,1612289131,87,60.34,102.2797,-20.11,3.71
1528606,Kemin,1,KG,1612289132,83,42.7846,75.6892,32.11,5.14
2063042,Port Hedland,90,AU,1612289133,83,-20.3167,118.5667,82.4,11.5
2132606,Samarai,98,PG,1612289134,77,-10.6167,150.6667,81.59,10.4
3932145,Pisco,0,PE,1612289135,73,-13.7,-76.2167,75.99,9.22
3069465,Nové Město na Moravě,100,CZ,1612289136,91,49.5614,16.0742,32,1.99
1229989,Point Pedro,71,LK,1612289137,76,9.8167,80.2333,78.15,16.33
2012956,Yerbogachën,21,RU,1612289139,82,61.2767,108.0108,-36.69,3.98
1510689,Baykit,100,RU,1612289140,86,61.67,96.37,-8.07,3
3622537,Parrita,40,CR,1612289142,64,9.5201,-84.3225,80.6,23.02
2446796,Bilma,0,NE,1612289143,22,18.6853,12.9164,69.57,8.55
3374333,Praia,0,CV,1612289145,53,14.9215,-23.5087,77,18.41
3491355,Black River,75,JM,1612289147,83,18.0264,-77.8487,78.01,13.8
2037252,Genhe,48,CN,1612289002,81,50.7833,121.5167,-33.92,2.64
2192362,Christchurch,90,NZ,1612288861,82,-43.5333,172.6333,61,11.5
3571913,Marsh Harbour,63,BS,1612289152,70,26.5412,-77.0636,58.69,33.17
2181625,Te Anau,71,NZ,1612288876,90,-45.4167,167.7167,53.56,0.69
2027316,Ayan,100,RU,1612289155,72,56.45,138.1667,-26.91,13.09
3832899,Viedma,88,AR,1612289155,22,-40.8135,-62.9967,88,11.1
700371,Nedryhayliv,82,UA,1612289156,98,50.834,33.8763,23.31,2.71
1521153,Mamlyutka,100,KZ,1612289157,98,54.9375,68.5394,26.8,18.61
5418104,Cortez,90,US,1612289158,70,37.3489,-108.5859,42.8,1.36
1254709,Tezu,5,IN,1612289158,42,27.9167,96.1667,61.09,3.83
2293428,Adiaké,20,CI,1612289159,84,5.2863,-3.304,84.2,10.36
1714733,Dingle,95,PH,1612289159,92,10.9995,122.6711,74.25,8.57
1809061,Jiaojiang,19,CN,1612289160,87,28.6803,121.4428,48,3.67
7601762,Bairiki Village,75,KI,1612289161,83,1.3292,172.9752,78.8,9.22
3412093,Vestmannaeyjar,20,IS,1612289162,80,63.4427,-20.2734,35.6,31.07
3988392,Rosarito,75,MX,1612289163,63,32.3333,-117.0333,66.2,9.22
3401148,Cururupu,62,BR,1612289165,56,-1.8283,-44.8683,87.82,8.48
2090021,Namatanai,100,PG,1612289166,90,-3.6667,152.4333,77.45,11.16
60019,Eyl,3,SO,1612289167,62,7.9803,49.8164,72.88,16.67
2055868,Yantal',96,RU,1612289168,83,56.8471,105.2542,-19.68,3.69
5517061,Big Spring,1,US,1612289170,25,32.2504,-101.4787,63,19.57
945945,Upington,40,ZA,1612288888,44,-28.4478,21.2561,80.6,8.05
1486321,Yar-Sale,99,RU,1612289171,94,66.8333,70.8333,2.8,8.08
2646057,Ipswich,20,GB,1612289172,93,52.0592,1.1555,48.99,9.22
244878,Biltine,0,TD,1612289174,16,14.5333,20.9167,79.72,9.51
5554428,Ketchikan,75,US,1612289174,100,55.3422,-131.6461,32,4.79
1282898,Pokhara,0,NP,1612289175,44,28.2333,83.9833,51.6,4.65
1283285,Jumla,0,NP,1612289177,75,29.2747,82.1838,34.59,3.11
236950,Obo,54,CF,1612289178,30,5.3998,26.4869,79.57,1.9
3386213,Touros,40,BR,1612289181,62,-5.1989,-35.4608,86,17.27
4269392,Chanute,1,US,1612289181,65,37.6792,-95.4572,42.8,6.91
2142316,Yeppoon,75,AU,1612288914,78,-23.1333,150.7333,77,3.44
2409215,Mattru,31,SL,1612289183,49,7.6244,-11.8332,89.1,8.84
1264976,Leh,92,IN,1612289184,63,34.1667,77.5833,8.42,0.18
236901,Ouadda,36,CF,1612289184,20,8.0777,22.4007,83.35,2.66
934479,Grand Gaube,2,MU,1612289185,77,-20.0064,57.6608,80.01,8.99
236524,Rafai,50,CF,1612289186,30,4.95,23.9167,80.08,1.88
630166,Berëzovka,100,BY,1612289186,98,53.7214,25.4993,26.67,13.02
3377301,Mabaruma,95,GY,1612289187,73,8.2,-59.7833,80.24,6.98
876177,Luau,94,AO,1612289188,95,-10.7073,22.2247,68.07,3.91
2467914,Korbous,20,TN,1612289189,67,36.8167,10.5687,60.8,13.8
2428231,Massaguet,0,TD,1612289191,10,12.4755,15.4365,86,9.22
1801180,Maoming,0,CN,1612288911,80,21.65,110.9,63.09,6.62
3141667,Roald,0,NO,1612289194,74,62.5833,6.1333,24.8,9.22
1861280,Itoman,40,JP,1612289159,55,26.1247,127.6694,60.8,13.8
64814,Bandarbeyla,39,SO,1612289197,69,9.4942,50.8122,74.16,19.6
2038118,Zhaoyang,5,CN,1612289198,87,42.682,126.0305,-10.5,7.74
2639083,Tighnabruaich,100,GB,1612289200,92,55.9016,-5.2398,37,7
6173361,Vanderhoof,100,CA,1612289201,91,54.0166,-124.0198,2.59,5.32
778707,Mehamn,75,NO,1612289202,63,71.0357,27.8492,26.6,23.02
286987,Nizwá,0,OM,1612289203,30,22.9333,57.5333,60.57,2.48
4005870,General Cepeda,75,MX,1612289207,41,25.3833,-101.45,60.8,3.85
6316343,Alta Floresta,40,BR,1612289208,55,-9.8756,-56.0861,91.4,2.3
1259019,Rāhuri,0,IN,1612289208,23,19.3833,74.65,70.43,4.97
5486795,Raton,1,US,1612289210,26,36.9034,-104.4391,55.4,3.44
2577162,Gaoua,0,BF,1612289210,12,10.2992,-3.2508,88.21,2.71
72181,Marzuq,10,YE,1612289211,32,14.4,46.4667,60.22,0.83
3664980,Boa Vista,75,BR,1612289211,51,2.8197,-60.6733,87.8,14.97
692315,Sudak,92,UA,1612289212,83,44.85,34.9667,50.77,6.89
1649150,Bengkulu,99,ID,1612289213,88,-3.8004,102.2655,76.28,4.92
665196,Ţibana,1,RO,1612289214,93,46.9833,27.3333,28.4,9.22
1705572,Lopez,27,PH,1612289214,83,13.8844,122.2642,73.99,9.62
2125693,Evensk,100,RU,1612289215,93,61.95,159.2333,1.29,4.88
2264923,Peniche,100,PT,1612289216,80,39.3558,-9.3811,57,17
1490796,Strezhevoy,90,RU,1612289217,92,60.7333,77.5889,15.8,11.18
3104324,Zaragoza,0,ES,1612289218,51,41.6561,-0.8773,62.6,19.57
1706466,Ligayan,56,PH,1612289220,82,4.6533,119.4706,81.23,9.93
5703673,Elko,1,US,1612289220,42,41.0002,-115.5012,46.4,4.61
3836277,Santa Fe,88,AR,1612289221,94,-31.6333,-60.7,69.01,4
508362,Podgornoye,90,RU,1612289222,93,51.735,39.1496,26.6,6.71
6149996,Smithers,90,CA,1612289223,93,54.7804,-127.1743,24.8,2.3
2032614,Baruun-Urt,1,MN,1612289225,83,46.6806,113.2792,-13.76,8.25
3662927,Pauini,47,BR,1612289226,65,-7.7136,-66.9764,88.54,3.15
498001,Sebezh,100,RU,1612289227,92,56.2955,28.4654,22.15,13.04
3980782,Ures,94,MX,1612289229,35,29.4333,-110.4,75,1.01
3137344,Søvik,0,NO,1612289230,50,65.9333,12.4667,24.8,11.5
3108125,Teruel,0,ES,1612289231,58,40.6667,-0.6667,60.8,10.36
2422968,Boffa,0,GN,1612289232,53,10.1667,-14.0333,83.52,10.11
2312895,Mbandaka,72,CD,1612289234,62,0.0487,18.2603,82.49,1.92
3115824,Muros,100,ES,1612289235,92,42.7762,-9.0603,57.99,7
3860259,Córdoba,40,AR,1612289236,60,-31.4135,-64.1811,69.8,11.5
5527953,Pampa,1,US,1612289237,30,35.5362,-100.9599,57.2,6.91
1633419,Padang,40,ID,1612289237,94,-0.9492,100.3543,77,1.14
3461733,Guiratinga,86,BR,1612289238,44,-16.3494,-53.7583,92.17,4.34
2128025,Shizunai-furukawachō,99,JP,1612289081,88,42.3339,142.3669,17.24,24.74
1488903,Turukhansk,100,RU,1612289239,91,65.8167,87.9833,-3.48,9.73
482986,Tim,90,RU,1612289239,86,51.6222,37.1244,24.8,6.71
103630,Najrān,0,SA,1612289240,32,17.4924,44.1277,68,6.91
1261309,Nipāni,0,IN,1612289240,34,16.4,74.3833,71.2,5.23
3372783,Ponta Delgada,20,PT,1612289241,67,37.7333,-25.6667,57.2,24.16
3687238,Cartagena,40,CO,1612289006,74,10.3997,-75.5144,84.2,13.8
